speed,accelerations,jerks,predictions,duration,interval,dto,ttc,col,time
0.0,0.0,0.0,0,12,0.5,100.0,50.0,0,0
0.044,0.088,0.176,0,12,0.5,17.7322,0.10777120574513965,0,1
1.036,1.984,3.792,0,12,0.5,20.0303,50.0,0,2
2.167,2.2619999999999996,0.556,0,12,0.5,21.7884,50.0,0,3
3.369,2.404000000000001,0.284,0,12,0.5,22.9445,50.0,0,4
4.631,2.524,0.24,0,12,0.5,23.5237,50.0,0,5
5.986,2.709999999999999,0.372,0,12,0.5,23.5268,50.0,0,6
7.334,2.6959999999999997,0.028,0,12,0.5,22.7728,15.101326259946923,0,7
8.694,2.7200000000000024,0.048,0,12,0.5,21.3145,7.307995611328252,0,8
10.092,2.7959999999999994,0.152,0,12,0.5,19.1633,4.454095388620306,0,9
11.496,2.808,0.024,1,12,0.5,16.3615,2.91981940181312,0,10
7.648,-7.6960000000000015,21.008,0,12,0.5,14.1872,3.262475279400269,0,11
3.651,-7.994,0.596,0,12,0.5,13.9369,27.840391530163682,0,12
0.002,-7.298,1.392,0,12,0.5,15.65,50.0,0,13
0.001,-0.002,14.592,0,12,0.5,18.2143,50.0,0,14
0.0,-0.002,0.0,0,12,0.5,20.7715,50.0,0,15
0.0,0.0,0.004,0,12,0.5,23.3524,50.0,0,16
0.0,0.0,0.0,0,12,0.5,26.0194,50.0,0,17
0.0,0.0,0.0,0,12,0.5,28.5699,50.0,0,18
0.0,0.0,0.0,0,12,0.5,31.1187,50.0,0,19
1.037,2.074,4.148,0,12,0.5,33.4158,50.0,0,20
2.168,2.2620000000000005,0.376,0,12,0.5,35.2703,50.0,0,21
3.37,2.404,0.284,0,12,0.5,36.4611,50.0,0,22
4.632,2.523999999999999,0.24,0,12,0.5,37.0594,50.0,0,23
5.988,2.7120000000000015,0.376,0,12,0.5,36.9557,50.0,0,24
